Country,"Country Code","Series Name","Series Code","2016"
Afghanistan,"AFG","Total of unemployment","SL.UEM.TOTL.ZS","8.84099960327148"
Afghanistan,"AFG","Total of unemployment with advanced education","SL.UEM.ADVN.ZS","NA"
Afghanistan,"AFG","Total of unemployment with intermediate education","SL.UEM.INTM.ZS","NA"
Albania,"ALB","Total of unemployment","SL.UEM.TOTL.ZS","15.2200002670288"
Albania,"ALB","Total of unemployment with advanced education","SL.UEM.ADVN.ZS","NA"
Albania,"ALB","Total of unemployment with intermediate education","SL.UEM.INTM.ZS","NA"
Algeria,"DZA","Total of unemployment","SL.UEM.TOTL.ZS","10.1999998092651"
Algeria,"DZA","Total of unemployment with advanced education","SL.UEM.ADVN.ZS","NA"
Algeria,"DZA","Total of unemployment with intermediate education","SL.UEM.INTM.ZS","NA"
American Samoa,"ASM","Total of unemployment","SL.UEM.TOTL.ZS","NA"
American Samoa,"ASM","Total of unemployment with advanced education","SL.UEM.ADVN.ZS","NA"
American Samoa,"ASM","Total of unemployment with intermediate education","SL.UEM.INTM.ZS","NA"
Andorra,"AND","Total of unemployment","SL.UEM.TOTL.ZS","NA"
Andorra,"AND","Total of unemployment with advanced education","SL.UEM.ADVN.ZS","NA"
Andorra,"AND","Total of unemployment with intermediate education","SL.UEM.INTM.ZS","NA"
Angola,"AGO","Total of unemployment","SL.UEM.TOTL.ZS","7.72399997711182"
Angola,"AGO","Total of unemployment with advanced education","SL.UEM.ADVN.ZS","NA"
Angola,"AGO","Total of unemployment with intermediate education","SL.UEM.INTM.ZS","NA"
Antigua and Barbuda,"ATG","Total of unemployment","SL.UEM.TOTL.ZS","NA"
Antigua and Barbuda,"ATG","Total of unemployment with advanced education","SL.UEM.ADVN.ZS","NA"
Antigua and Barbuda,"ATG","Total of unemployment with intermediate education","SL.UEM.INTM.ZS","NA"
Arab World,"ARB","Total of unemployment","SL.UEM.TOTL.ZS","10.0198507880623"
Arab World,"ARB","Total of unemployment with advanced education","SL.UEM.ADVN.ZS","NA"
Arab World,"ARB","Total of unemployment with intermediate education","SL.UEM.INTM.ZS","NA"
Argentina,"ARG","Total of unemployment","SL.UEM.TOTL.ZS","8.69600009918213"
Argentina,"ARG","Total of unemployment with advanced education","SL.UEM.ADVN.ZS","NA"
Argentina,"ARG","Total of unemployment with intermediate education","SL.UEM.INTM.ZS","NA"
Armenia,"ARM","Total of unemployment","SL.UEM.TOTL.ZS","18.0400009155273"
Armenia,"ARM","Total of unemployment with advanced education","SL.UEM.ADVN.ZS","17.6805992126465"
Armenia,"ARM","Total of unemployment with intermediate education","SL.UEM.INTM.ZS","17.7338008880615"
Aruba,"ABW","Total of unemployment","SL.UEM.TOTL.ZS","NA"
Aruba,"ABW","Total of unemployment with advanced education","SL.UEM.ADVN.ZS","NA"
Aruba,"ABW","Total of unemployment with intermediate education","SL.UEM.INTM.ZS","NA"
Australia,"AUS","Total of unemployment","SL.UEM.TOTL.ZS","5.71999979019165"
Australia,"AUS","Total of unemployment with advanced education","SL.UEM.ADVN.ZS","NA"
Australia,"AUS","Total of unemployment with intermediate education","SL.UEM.INTM.ZS","NA"
Austria,"AUT","Total of unemployment","SL.UEM.TOTL.ZS","6.01000022888184"
Austria,"AUT","Total of unemployment with advanced education","SL.UEM.ADVN.ZS","3.37369990348816"
Austria,"AUT","Total of unemployment with intermediate education","SL.UEM.INTM.ZS","5.38800001144409"
Azerbaijan,"AZE","Total of unemployment","SL.UEM.TOTL.ZS","5"
Azerbaijan,"AZE","Total of unemployment with advanced education","SL.UEM.ADVN.ZS","NA"
Azerbaijan,"AZE","Total of unemployment with intermediate education","SL.UEM.INTM.ZS","NA"
"Bahamas, The","BHS","Total of unemployment","SL.UEM.TOTL.ZS","12.6999998092651"
"Bahamas, The","BHS","Total of unemployment with advanced education","SL.UEM.ADVN.ZS","NA"
"Bahamas, The","BHS","Total of unemployment with intermediate education","SL.UEM.INTM.ZS","NA"
Bahrain,"BHR","Total of unemployment","SL.UEM.TOTL.ZS","1.2150000333786"
Bahrain,"BHR","Total of unemployment with advanced education","SL.UEM.ADVN.ZS","NA"
Bahrain,"BHR","Total of unemployment with intermediate education","SL.UEM.INTM.ZS","NA"
Bangladesh,"BGD","Total of unemployment","SL.UEM.TOTL.ZS","4.34999990463257"
Bangladesh,"BGD","Total of unemployment with advanced education","SL.UEM.ADVN.ZS","16.7800006866455"
Bangladesh,"BGD","Total of unemployment with intermediate education","SL.UEM.INTM.ZS","16.2000007629395"
Barbados,"BRB","Total of unemployment","SL.UEM.TOTL.ZS","9.72000026702881"
Barbados,"BRB","Total of unemployment with advanced education","SL.UEM.ADVN.ZS","NA"
Barbados,"BRB","Total of unemployment with intermediate education","SL.UEM.INTM.ZS","NA"
Belarus,"BLR","Total of unemployment","SL.UEM.TOTL.ZS","0.488000005483627"
Belarus,"BLR","Total of unemployment with advanced education","SL.UEM.ADVN.ZS","3.07999992370605"
Belarus,"BLR","Total of unemployment with intermediate education","SL.UEM.INTM.ZS","6.09999990463257"
Belgium,"BEL","Total of unemployment","SL.UEM.TOTL.ZS","7.82999992370605"
Belgium,"BEL","Total of unemployment with advanced education","SL.UEM.ADVN.ZS","4.3899998664856"
Belgium,"BEL","Total of unemployment with intermediate education","SL.UEM.INTM.ZS","8.25269985198975"
Belize,"BLZ","Total of unemployment","SL.UEM.TOTL.ZS","7.90999984741211"
Belize,"BLZ","Total of unemployment with advanced education","SL.UEM.ADVN.ZS","NA"
Belize,"BLZ","Total of unemployment with intermediate education","SL.UEM.INTM.ZS","NA"
Benin,"BEN","Total of unemployment","SL.UEM.TOTL.ZS","2.54399991035461"
Benin,"BEN","Total of unemployment with advanced education","SL.UEM.ADVN.ZS","NA"
Benin,"BEN","Total of unemployment with intermediate education","SL.UEM.INTM.ZS","NA"
Bermuda,"BMU","Total of unemployment","SL.UEM.TOTL.ZS","NA"
Bermuda,"BMU","Total of unemployment with advanced education","SL.UEM.ADVN.ZS","NA"
Bermuda,"BMU","Total of unemployment with intermediate education","SL.UEM.INTM.ZS","NA"
Bhutan,"BTN","Total of unemployment","SL.UEM.TOTL.ZS","2.44199991226196"
Bhutan,"BTN","Total of unemployment with advanced education","SL.UEM.ADVN.ZS","NA"
Bhutan,"BTN","Total of unemployment with intermediate education","SL.UEM.INTM.ZS","NA"
Bolivia,"BOL","Total of unemployment","SL.UEM.TOTL.ZS","3.05999994277954"
Bolivia,"BOL","Total of unemployment with advanced education","SL.UEM.ADVN.ZS","6.17579984664917"
Bolivia,"BOL","Total of unemployment with intermediate education","SL.UEM.INTM.ZS","5.66149997711182"
Bosnia and Herzegovina,"BIH","Total of unemployment","SL.UEM.TOTL.ZS","25.0599994659424"
Bosnia and Herzegovina,"BIH","Total of unemployment with advanced education","SL.UEM.ADVN.ZS","11.5600004196167"
Bosnia and Herzegovina,"BIH","Total of unemployment with intermediate education","SL.UEM.INTM.ZS","7.92999982833862"
Botswana,"BWA","Total of unemployment","SL.UEM.TOTL.ZS","17.117000579834"
Botswana,"BWA","Total of unemployment with advanced education","SL.UEM.ADVN.ZS","NA"
Botswana,"BWA","Total of unemployment with intermediate education","SL.UEM.INTM.ZS","NA"
Brazil,"BRA","Total of unemployment","SL.UEM.TOTL.ZS","11.6099996566772"
Brazil,"BRA","Total of unemployment with advanced education","SL.UEM.ADVN.ZS","7.13500022888184"
Brazil,"BRA","Total of unemployment with intermediate education","SL.UEM.INTM.ZS","15.9692001342773"
British Virgin Islands,"VGB","Total of unemployment","SL.UEM.TOTL.ZS","NA"
British Virgin Islands,"VGB","Total of unemployment with advanced education","SL.UEM.ADVN.ZS","NA"
British Virgin Islands,"VGB","Total of unemployment with intermediate education","SL.UEM.INTM.ZS","NA"
Brunei Darussalam,"BRN","Total of unemployment","SL.UEM.TOTL.ZS","6.93499994277954"
Brunei Darussalam,"BRN","Total of unemployment with advanced education","SL.UEM.ADVN.ZS","NA"
Brunei Darussalam,"BRN","Total of unemployment with intermediate education","SL.UEM.INTM.ZS","NA"
Bulgaria,"BGR","Total of unemployment","SL.UEM.TOTL.ZS","7.57000017166138"
Bulgaria,"BGR","Total of unemployment with advanced education","SL.UEM.ADVN.ZS","3.27379989624023"
Bulgaria,"BGR","Total of unemployment with intermediate education","SL.UEM.INTM.ZS","6.54659986495972"
Burkina Faso,"BFA","Total of unemployment","SL.UEM.TOTL.ZS","6.39099979400635"
Burkina Faso,"BFA","Total of unemployment with advanced education","SL.UEM.ADVN.ZS","NA"
Burkina Faso,"BFA","Total of unemployment with intermediate education","SL.UEM.INTM.ZS","NA"
Burundi,"BDI","Total of unemployment","SL.UEM.TOTL.ZS","1.59099996089935"
Burundi,"BDI","Total of unemployment with advanced education","SL.UEM.ADVN.ZS","NA"
Burundi,"BDI","Total of unemployment with intermediate education","SL.UEM.INTM.ZS","NA"
Cabo Verde,"CPV","Total of unemployment","SL.UEM.TOTL.ZS","10.3249998092651"
Cabo Verde,"CPV","Total of unemployment with advanced education","SL.UEM.ADVN.ZS","NA"
Cabo Verde,"CPV","Total of unemployment with intermediate education","SL.UEM.INTM.ZS","NA"
Cambodia,"KHM","Total of unemployment","SL.UEM.TOTL.ZS","0.197999998927116"
Cambodia,"KHM","Total of unemployment with advanced education","SL.UEM.ADVN.ZS","NA"
Cambodia,"KHM","Total of unemployment with intermediate education","SL.UEM.INTM.ZS","NA"
Cameroon,"CMR","Total of unemployment","SL.UEM.TOTL.ZS","4.26100015640259"
Cameroon,"CMR","Total of unemployment with advanced education","SL.UEM.ADVN.ZS","NA"
Cameroon,"CMR","Total of unemployment with intermediate education","SL.UEM.INTM.ZS","NA"
Canada,"CAN","Total of unemployment","SL.UEM.TOTL.ZS","7"
Canada,"CAN","Total of unemployment with advanced education","SL.UEM.ADVN.ZS","4.99329996109009"
Canada,"CAN","Total of unemployment with intermediate education","SL.UEM.INTM.ZS","7.28049993515015"
Cayman Islands,"CYM","Total of unemployment","SL.UEM.TOTL.ZS","NA"
Cayman Islands,"CYM","Total of unemployment with advanced education","SL.UEM.ADVN.ZS","NA"
Cayman Islands,"CYM","Total of unemployment with intermediate education","SL.UEM.INTM.ZS","NA"
Central African Republic,"CAF","Total of unemployment","SL.UEM.TOTL.ZS","6.15999984741211"
Central African Republic,"CAF","Total of unemployment with advanced education","SL.UEM.ADVN.ZS","NA"
Central African Republic,"CAF","Total of unemployment with intermediate education","SL.UEM.INTM.ZS","NA"
Chad,"TCD","Total of unemployment","SL.UEM.TOTL.ZS","5.78499984741211"
Chad,"TCD","Total of unemployment with advanced education","SL.UEM.ADVN.ZS","NA"
Chad,"TCD","Total of unemployment with intermediate education","SL.UEM.INTM.ZS","NA"
Channel Islands,"CHI","Total of unemployment","SL.UEM.TOTL.ZS","9.37800025939941"
Channel Islands,"CHI","Total of unemployment with advanced education","SL.UEM.ADVN.ZS","NA"
Channel Islands,"CHI","Total of unemployment with intermediate education","SL.UEM.INTM.ZS","NA"
Chile,"CHL","Total of unemployment","SL.UEM.TOTL.ZS","6.73999977111816"
Chile,"CHL","Total of unemployment with advanced education","SL.UEM.ADVN.ZS","5.2681999206543"
Chile,"CHL","Total of unemployment with intermediate education","SL.UEM.INTM.ZS","8.42889976501465"
China,"CHN","Total of unemployment","SL.UEM.TOTL.ZS","4.64900016784668"
China,"CHN","Total of unemployment with advanced education","SL.UEM.ADVN.ZS","NA"
China,"CHN","Total of unemployment with intermediate education","SL.UEM.INTM.ZS","NA"
Colombia,"COL","Total of unemployment","SL.UEM.TOTL.ZS","8.35000038146973"
Colombia,"COL","Total of unemployment with advanced education","SL.UEM.ADVN.ZS","12.832799911499"
Colombia,"COL","Total of unemployment with intermediate education","SL.UEM.INTM.ZS","13.144700050354"
Comoros,"COM","Total of unemployment","SL.UEM.TOTL.ZS","4.34700012207031"
Comoros,"COM","Total of unemployment with advanced education","SL.UEM.ADVN.ZS","NA"
Comoros,"COM","Total of unemployment with intermediate education","SL.UEM.INTM.ZS","NA"
"Congo, Dem. Rep.","COD","Total of unemployment","SL.UEM.TOTL.ZS","3.69199991226196"
"Congo, Dem. Rep.","COD","Total of unemployment with advanced education","SL.UEM.ADVN.ZS","NA"
"Congo, Dem. Rep.","COD","Total of unemployment with intermediate education","SL.UEM.INTM.ZS","NA"
"Congo, Rep.","COG","Total of unemployment","SL.UEM.TOTL.ZS","10.4209995269775"
"Congo, Rep.","COG","Total of unemployment with advanced education","SL.UEM.ADVN.ZS","NA"
"Congo, Rep.","COG","Total of unemployment with intermediate education","SL.UEM.INTM.ZS","NA"
Costa Rica,"CRI","Total of unemployment","SL.UEM.TOTL.ZS","8.97999954223633"
Costa Rica,"CRI","Total of unemployment with advanced education","SL.UEM.ADVN.ZS","4.60809993743896"
Costa Rica,"CRI","Total of unemployment with intermediate education","SL.UEM.INTM.ZS","10.8280000686646"
Cote d'Ivoire,"CIV","Total of unemployment","SL.UEM.TOTL.ZS","2.59999990463257"
Cote d'Ivoire,"CIV","Total of unemployment with advanced education","SL.UEM.ADVN.ZS","18.3108997344971"
Cote d'Ivoire,"CIV","Total of unemployment with intermediate education","SL.UEM.INTM.ZS","14.7778997421265"
Croatia,"HRV","Total of unemployment","SL.UEM.TOTL.ZS","13.1000003814697"
Croatia,"HRV","Total of unemployment with advanced education","SL.UEM.ADVN.ZS","8.61960029602051"
Croatia,"HRV","Total of unemployment with intermediate education","SL.UEM.INTM.ZS","15.8828001022339"
Cuba,"CUB","Total of unemployment","SL.UEM.TOTL.ZS","2.48900008201599"
Cuba,"CUB","Total of unemployment with advanced education","SL.UEM.ADVN.ZS","NA"
Cuba,"CUB","Total of unemployment with intermediate education","SL.UEM.INTM.ZS","NA"
Curacao,"CUW","Total of unemployment","SL.UEM.TOTL.ZS","NA"
Curacao,"CUW","Total of unemployment with advanced education","SL.UEM.ADVN.ZS","NA"
Curacao,"CUW","Total of unemployment with intermediate education","SL.UEM.INTM.ZS","NA"
Cyprus,"CYP","Total of unemployment","SL.UEM.TOTL.ZS","12.9499998092651"
Cyprus,"CYP","Total of unemployment with advanced education","SL.UEM.ADVN.ZS","11.5279998779297"
Cyprus,"CYP","Total of unemployment with intermediate education","SL.UEM.INTM.ZS","16.5438995361328"
Czech Republic,"CZE","Total of unemployment","SL.UEM.TOTL.ZS","3.95000004768372"
Czech Republic,"CZE","Total of unemployment with advanced education","SL.UEM.ADVN.ZS","2.33730006217957"
Czech Republic,"CZE","Total of unemployment with intermediate education","SL.UEM.INTM.ZS","4.20230007171631"
Denmark,"DNK","Total of unemployment","SL.UEM.TOTL.ZS","6.17999982833862"
Denmark,"DNK","Total of unemployment with advanced education","SL.UEM.ADVN.ZS","5.19110012054443"
Denmark,"DNK","Total of unemployment with intermediate education","SL.UEM.INTM.ZS","5.83150005340576"
Djibouti,"DJI","Total of unemployment","SL.UEM.TOTL.ZS","5.83699989318848"
Djibouti,"DJI","Total of unemployment with advanced education","SL.UEM.ADVN.ZS","NA"
Djibouti,"DJI","Total of unemployment with intermediate education","SL.UEM.INTM.ZS","NA"
Dominica,"DMA","Total of unemployment","SL.UEM.TOTL.ZS","NA"
Dominica,"DMA","Total of unemployment with advanced education","SL.UEM.ADVN.ZS","NA"
Dominica,"DMA","Total of unemployment with intermediate education","SL.UEM.INTM.ZS","NA"
Dominican Republic,"DOM","Total of unemployment","SL.UEM.TOTL.ZS","5.48999977111816"
Dominican Republic,"DOM","Total of unemployment with advanced education","SL.UEM.ADVN.ZS","5.33039999008179"
Dominican Republic,"DOM","Total of unemployment with intermediate education","SL.UEM.INTM.ZS","10.4961996078491"
East Asia & Pacific,"EAS","Total of unemployment","SL.UEM.TOTL.ZS","4.05462419642846"
East Asia & Pacific,"EAS","Total of unemployment with advanced education","SL.UEM.ADVN.ZS","NA"
East Asia & Pacific,"EAS","Total of unemployment with intermediate education","SL.UEM.INTM.ZS","NA"
East Asia & Pacific (excluding high income),"EAP","Total of unemployment","SL.UEM.TOTL.ZS","4.10421863223489"
East Asia & Pacific (excluding high income),"EAP","Total of unemployment with advanced education","SL.UEM.ADVN.ZS","NA"
East Asia & Pacific (excluding high income),"EAP","Total of unemployment with intermediate education","SL.UEM.INTM.ZS","NA"
Ecuador,"ECU","Total of unemployment","SL.UEM.TOTL.ZS","4.59999990463257"
Ecuador,"ECU","Total of unemployment with advanced education","SL.UEM.ADVN.ZS","7.28189992904663"
Ecuador,"ECU","Total of unemployment with intermediate education","SL.UEM.INTM.ZS","9.73729991912842"
"Egypt, Arab Rep.","EGY","Total of unemployment","SL.UEM.TOTL.ZS","12.4099998474121"
"Egypt, Arab Rep.","EGY","Total of unemployment with advanced education","SL.UEM.ADVN.ZS","30.7803993225098"
"Egypt, Arab Rep.","EGY","Total of unemployment with intermediate education","SL.UEM.INTM.ZS","32.701000213623"
El Salvador,"SLV","Total of unemployment","SL.UEM.TOTL.ZS","4.42000007629395"
El Salvador,"SLV","Total of unemployment with advanced education","SL.UEM.ADVN.ZS","8.85799980163574"
El Salvador,"SLV","Total of unemployment with intermediate education","SL.UEM.INTM.ZS","6.58850002288818"
Equatorial Guinea,"GNQ","Total of unemployment","SL.UEM.TOTL.ZS","6.19399976730347"
Equatorial Guinea,"GNQ","Total of unemployment with advanced education","SL.UEM.ADVN.ZS","NA"
Equatorial Guinea,"GNQ","Total of unemployment with intermediate education","SL.UEM.INTM.ZS","NA"
Eritrea,"ERI","Total of unemployment","SL.UEM.TOTL.ZS","6.4520001411438"
Eritrea,"ERI","Total of unemployment with advanced education","SL.UEM.ADVN.ZS","NA"
Eritrea,"ERI","Total of unemployment with intermediate education","SL.UEM.INTM.ZS","NA"
Estonia,"EST","Total of unemployment","SL.UEM.TOTL.ZS","6.76000022888184"
Estonia,"EST","Total of unemployment with advanced education","SL.UEM.ADVN.ZS","3.73889994621277"
Estonia,"EST","Total of unemployment with intermediate education","SL.UEM.INTM.ZS","7.41949987411499"
Eswatini,"SWZ","Total of unemployment","SL.UEM.TOTL.ZS","26.3479995727539"
Eswatini,"SWZ","Total of unemployment with advanced education","SL.UEM.ADVN.ZS","12.825400352478"
Eswatini,"SWZ","Total of unemployment with intermediate education","SL.UEM.INTM.ZS","21.2070999145508"
Ethiopia,"ETH","Total of unemployment","SL.UEM.TOTL.ZS","5.09299993515015"
Ethiopia,"ETH","Total of unemployment with advanced education","SL.UEM.ADVN.ZS","NA"
Ethiopia,"ETH","Total of unemployment with intermediate education","SL.UEM.INTM.ZS","NA"
Euro area,"EMU","Total of unemployment","SL.UEM.TOTL.ZS","10.0128199438528"
Euro area,"EMU","Total of unemployment with advanced education","SL.UEM.ADVN.ZS","8.97090217361147"
Euro area,"EMU","Total of unemployment with intermediate education","SL.UEM.INTM.ZS","14.8476770738292"
Europe & Central Asia,"ECS","Total of unemployment","SL.UEM.TOTL.ZS","8.07159597907271"
Europe & Central Asia,"ECS","Total of unemployment with advanced education","SL.UEM.ADVN.ZS","8.58730742635621"
Europe & Central Asia,"ECS","Total of unemployment with intermediate education","SL.UEM.INTM.ZS","12.411935314701"
Europe & Central Asia (excluding high income),"ECA","Total of unemployment","SL.UEM.TOTL.ZS","7.50701506015828"
Europe & Central Asia (excluding high income),"ECA","Total of unemployment with advanced education","SL.UEM.ADVN.ZS","9.90575891258866"
Europe & Central Asia (excluding high income),"ECA","Total of unemployment with intermediate education","SL.UEM.INTM.ZS","11.2583561022411"
European Union,"EUU","Total of unemployment","SL.UEM.TOTL.ZS","8.52978749997312"
European Union,"EUU","Total of unemployment with advanced education","SL.UEM.ADVN.ZS","7.74086227406299"
European Union,"EUU","Total of unemployment with intermediate education","SL.UEM.INTM.ZS","12.9571612789985"
Faroe Islands,"FRO","Total of unemployment","SL.UEM.TOTL.ZS","NA"
Faroe Islands,"FRO","Total of unemployment with advanced education","SL.UEM.ADVN.ZS","NA"
Faroe Islands,"FRO","Total of unemployment with intermediate education","SL.UEM.INTM.ZS","NA"
Fiji,"FJI","Total of unemployment","SL.UEM.TOTL.ZS","6.23799991607666"
Fiji,"FJI","Total of unemployment with advanced education","SL.UEM.ADVN.ZS","6.25829982757568"
Fiji,"FJI","Total of unemployment with intermediate education","SL.UEM.INTM.ZS","7.35010004043579"
Finland,"FIN","Total of unemployment","SL.UEM.TOTL.ZS","8.81999969482422"
Finland,"FIN","Total of unemployment with advanced education","SL.UEM.ADVN.ZS","5.68620014190674"
Finland,"FIN","Total of unemployment with intermediate education","SL.UEM.INTM.ZS","9.18200016021729"
France,"FRA","Total of unemployment","SL.UEM.TOTL.ZS","10.0600004196167"
France,"FRA","Total of unemployment with advanced education","SL.UEM.ADVN.ZS","5.84849977493286"
France,"FRA","Total of unemployment with intermediate education","SL.UEM.INTM.ZS","10.9659996032715"
French Polynesia,"PYF","Total of unemployment","SL.UEM.TOTL.ZS","20.9909992218018"
French Polynesia,"PYF","Total of unemployment with advanced education","SL.UEM.ADVN.ZS","NA"
French Polynesia,"PYF","Total of unemployment with intermediate education","SL.UEM.INTM.ZS","NA"
Gabon,"GAB","Total of unemployment","SL.UEM.TOTL.ZS","19.886999130249"
Gabon,"GAB","Total of unemployment with advanced education","SL.UEM.ADVN.ZS","NA"
Gabon,"GAB","Total of unemployment with intermediate education","SL.UEM.INTM.ZS","NA"
"Gambia, The","GMB","Total of unemployment","SL.UEM.TOTL.ZS","9.43200016021729"
"Gambia, The","GMB","Total of unemployment with advanced education","SL.UEM.ADVN.ZS","NA"
"Gambia, The","GMB","Total of unemployment with intermediate education","SL.UEM.INTM.ZS","NA"
Georgia,"GEO","Total of unemployment","SL.UEM.TOTL.ZS","11.7600002288818"
Georgia,"GEO","Total of unemployment with advanced education","SL.UEM.ADVN.ZS","11.9099998474121"
Georgia,"GEO","Total of unemployment with intermediate education","SL.UEM.INTM.ZS","7.6100001335144"
Germany,"DEU","Total of unemployment","SL.UEM.TOTL.ZS","4.11999988555908"
Germany,"DEU","Total of unemployment with advanced education","SL.UEM.ADVN.ZS","2.25909996032715"
Germany,"DEU","Total of unemployment with intermediate education","SL.UEM.INTM.ZS","3.29679989814758"
Ghana,"GHA","Total of unemployment","SL.UEM.TOTL.ZS","2.25999999046326"
Ghana,"GHA","Total of unemployment with advanced education","SL.UEM.ADVN.ZS","NA"
Ghana,"GHA","Total of unemployment with intermediate education","SL.UEM.INTM.ZS","NA"
Gibraltar,"GIB","Total of unemployment","SL.UEM.TOTL.ZS","NA"
Gibraltar,"GIB","Total of unemployment with advanced education","SL.UEM.ADVN.ZS","NA"
Gibraltar,"GIB","Total of unemployment with intermediate education","SL.UEM.INTM.ZS","NA"
Greece,"GRC","Total of unemployment","SL.UEM.TOTL.ZS","23.5400009155273"
Greece,"GRC","Total of unemployment with advanced education","SL.UEM.ADVN.ZS","22.2313995361328"
Greece,"GRC","Total of unemployment with intermediate education","SL.UEM.INTM.ZS","32.6072998046875"
Greenland,"GRL","Total of unemployment","SL.UEM.TOTL.ZS","NA"
Greenland,"GRL","Total of unemployment with advanced education","SL.UEM.ADVN.ZS","NA"
Greenland,"GRL","Total of unemployment with intermediate education","SL.UEM.INTM.ZS","NA"
Grenada,"GRD","Total of unemployment","SL.UEM.TOTL.ZS","NA"
Grenada,"GRD","Total of unemployment with advanced education","SL.UEM.ADVN.ZS","NA"
Grenada,"GRD","Total of unemployment with intermediate education","SL.UEM.INTM.ZS","NA"
Guam,"GUM","Total of unemployment","SL.UEM.TOTL.ZS","5.40000009536743"
Guam,"GUM","Total of unemployment with advanced education","SL.UEM.ADVN.ZS","NA"
Guam,"GUM","Total of unemployment with intermediate education","SL.UEM.INTM.ZS","NA"
Guatemala,"GTM","Total of unemployment","SL.UEM.TOTL.ZS","2.82999992370605"
Guatemala,"GTM","Total of unemployment with advanced education","SL.UEM.ADVN.ZS","2.18219995498657"
Guatemala,"GTM","Total of unemployment with intermediate education","SL.UEM.INTM.ZS","8.19670009613037"
Guinea,"GIN","Total of unemployment","SL.UEM.TOTL.ZS","4.51000022888184"
Guinea,"GIN","Total of unemployment with advanced education","SL.UEM.ADVN.ZS","NA"
Guinea,"GIN","Total of unemployment with intermediate education","SL.UEM.INTM.ZS","NA"
Guinea-Bissau,"GNB","Total of unemployment","SL.UEM.TOTL.ZS","6.14499998092651"
Guinea-Bissau,"GNB","Total of unemployment with advanced education","SL.UEM.ADVN.ZS","NA"
Guinea-Bissau,"GNB","Total of unemployment with intermediate education","SL.UEM.INTM.ZS","NA"
Guyana,"GUY","Total of unemployment","SL.UEM.TOTL.ZS","11.7550001144409"
Guyana,"GUY","Total of unemployment with advanced education","SL.UEM.ADVN.ZS","NA"
Guyana,"GUY","Total of unemployment with intermediate education","SL.UEM.INTM.ZS","NA"
Haiti,"HTI","Total of unemployment","SL.UEM.TOTL.ZS","14.0019998550415"
Haiti,"HTI","Total of unemployment with advanced education","SL.UEM.ADVN.ZS","NA"
Haiti,"HTI","Total of unemployment with intermediate education","SL.UEM.INTM.ZS","NA"
Heavily indebted poor countries (HIPC),"HPC","Total of unemployment","SL.UEM.TOTL.ZS","5.45187992099554"
Heavily indebted poor countries (HIPC),"HPC","Total of unemployment with advanced education","SL.UEM.ADVN.ZS","NA"
Heavily indebted poor countries (HIPC),"HPC","Total of unemployment with intermediate education","SL.UEM.INTM.ZS","NA"
High income,"HIC","Total of unemployment","SL.UEM.TOTL.ZS","6.22805004343114"
High income,"HIC","Total of unemployment with advanced education","SL.UEM.ADVN.ZS","6.34532718121884"
High income,"HIC","Total of unemployment with intermediate education","SL.UEM.INTM.ZS","10.9165718478236"
Honduras,"HND","Total of unemployment","SL.UEM.TOTL.ZS","4.67000007629395"
Honduras,"HND","Total of unemployment with advanced education","SL.UEM.ADVN.ZS","3.1515998840332"
Honduras,"HND","Total of unemployment with intermediate education","SL.UEM.INTM.ZS","10.5694999694824"
"Hong Kong SAR, China","HKG","Total of unemployment","SL.UEM.TOTL.ZS","3.3529999256134"
"Hong Kong SAR, China","HKG","Total of unemployment with advanced education","SL.UEM.ADVN.ZS","2.34999990463257"
"Hong Kong SAR, China","HKG","Total of unemployment with intermediate education","SL.UEM.INTM.ZS","3.55999994277954"
Hungary,"HUN","Total of unemployment","SL.UEM.TOTL.ZS","5.1100001335144"
Hungary,"HUN","Total of unemployment with advanced education","SL.UEM.ADVN.ZS","1.83070003986359"
Hungary,"HUN","Total of unemployment with intermediate education","SL.UEM.INTM.ZS","5.11630010604858"
Iceland,"ISL","Total of unemployment","SL.UEM.TOTL.ZS","2.98000001907349"
Iceland,"ISL","Total of unemployment with advanced education","SL.UEM.ADVN.ZS","1.91729998588562"
Iceland,"ISL","Total of unemployment with intermediate education","SL.UEM.INTM.ZS","3.16790008544922"
India,"IND","Total of unemployment","SL.UEM.TOTL.ZS","3.50500011444092"
India,"IND","Total of unemployment with advanced education","SL.UEM.ADVN.ZS","NA"
India,"IND","Total of unemployment with intermediate education","SL.UEM.INTM.ZS","NA"
Indonesia,"IDN","Total of unemployment","SL.UEM.TOTL.ZS","4.11999988555908"
Indonesia,"IDN","Total of unemployment with advanced education","SL.UEM.ADVN.ZS","5.44680023193359"
Indonesia,"IDN","Total of unemployment with intermediate education","SL.UEM.INTM.ZS","7.97650003433228"
"Iran, Islamic Rep.","IRN","Total of unemployment","SL.UEM.TOTL.ZS","12.4300003051758"
"Iran, Islamic Rep.","IRN","Total of unemployment with advanced education","SL.UEM.ADVN.ZS","30.9899997711182"
"Iran, Islamic Rep.","IRN","Total of unemployment with intermediate education","SL.UEM.INTM.ZS","22.9599990844727"
Iraq,"IRQ","Total of unemployment","SL.UEM.TOTL.ZS","7.90899991989136"
Iraq,"IRQ","Total of unemployment with advanced education","SL.UEM.ADVN.ZS","NA"
Iraq,"IRQ","Total of unemployment with intermediate education","SL.UEM.INTM.ZS","NA"
Ireland,"IRL","Total of unemployment","SL.UEM.TOTL.ZS","7.8899998664856"
Ireland,"IRL","Total of unemployment with advanced education","SL.UEM.ADVN.ZS","4.9362998008728"
Ireland,"IRL","Total of unemployment with intermediate education","SL.UEM.INTM.ZS","9.61970043182373"
Isle of Man,"IMN","Total of unemployment","SL.UEM.TOTL.ZS","NA"
Isle of Man,"IMN","Total of unemployment with advanced education","SL.UEM.ADVN.ZS","NA"
Isle of Man,"IMN","Total of unemployment with intermediate education","SL.UEM.INTM.ZS","NA"
Israel,"ISR","Total of unemployment","SL.UEM.TOTL.ZS","4.80000019073486"
Israel,"ISR","Total of unemployment with advanced education","SL.UEM.ADVN.ZS","NA"
Israel,"ISR","Total of unemployment with intermediate education","SL.UEM.INTM.ZS","NA"
Italy,"ITA","Total of unemployment","SL.UEM.TOTL.ZS","11.6899995803833"
Italy,"ITA","Total of unemployment with advanced education","SL.UEM.ADVN.ZS","8.02970027923584"
Italy,"ITA","Total of unemployment with intermediate education","SL.UEM.INTM.ZS","12.8142004013062"
Jamaica,"JAM","Total of unemployment","SL.UEM.TOTL.ZS","13.1899995803833"
Jamaica,"JAM","Total of unemployment with advanced education","SL.UEM.ADVN.ZS","NA"
Jamaica,"JAM","Total of unemployment with intermediate education","SL.UEM.INTM.ZS","NA"
Japan,"JPN","Total of unemployment","SL.UEM.TOTL.ZS","3.13000011444092"
Japan,"JPN","Total of unemployment with advanced education","SL.UEM.ADVN.ZS","NA"
Japan,"JPN","Total of unemployment with intermediate education","SL.UEM.INTM.ZS","NA"
Jordan,"JOR","Total of unemployment","SL.UEM.TOTL.ZS","15.2749996185303"
Jordan,"JOR","Total of unemployment with advanced education","SL.UEM.ADVN.ZS","NA"
Jordan,"JOR","Total of unemployment with intermediate education","SL.UEM.INTM.ZS","NA"
Kazakhstan,"KAZ","Total of unemployment","SL.UEM.TOTL.ZS","4.96000003814697"
Kazakhstan,"KAZ","Total of unemployment with advanced education","SL.UEM.ADVN.ZS","NA"
Kazakhstan,"KAZ","Total of unemployment with intermediate education","SL.UEM.INTM.ZS","NA"
Kenya,"KEN","Total of unemployment","SL.UEM.TOTL.ZS","11.5200004577637"
Kenya,"KEN","Total of unemployment with advanced education","SL.UEM.ADVN.ZS","NA"
Kenya,"KEN","Total of unemployment with intermediate education","SL.UEM.INTM.ZS","NA"
Kiribati,"KIR","Total of unemployment","SL.UEM.TOTL.ZS","NA"
Kiribati,"KIR","Total of unemployment with advanced education","SL.UEM.ADVN.ZS","NA"
Kiribati,"KIR","Total of unemployment with intermediate education","SL.UEM.INTM.ZS","NA"
"Korea, Dem. People’s Rep.","PRK","Total of unemployment","SL.UEM.TOTL.ZS","4.72100019454956"
"Korea, Dem. People’s Rep.","PRK","Total of unemployment with advanced education","SL.UEM.ADVN.ZS","NA"
"Korea, Dem. People’s Rep.","PRK","Total of unemployment with intermediate education","SL.UEM.INTM.ZS","NA"
"Korea, Rep.","KOR","Total of unemployment","SL.UEM.TOTL.ZS","3.71000003814697"
"Korea, Rep.","KOR","Total of unemployment with advanced education","SL.UEM.ADVN.ZS","NA"
"Korea, Rep.","KOR","Total of unemployment with intermediate education","SL.UEM.INTM.ZS","NA"
Kosovo,"XKX","Total of unemployment","SL.UEM.TOTL.ZS","NA"
Kosovo,"XKX","Total of unemployment with advanced education","SL.UEM.ADVN.ZS","8.1899995803833"
Kosovo,"XKX","Total of unemployment with intermediate education","SL.UEM.INTM.ZS","36.6599998474121"
Kuwait,"KWT","Total of unemployment","SL.UEM.TOTL.ZS","2.23099994659424"
Kuwait,"KWT","Total of unemployment with advanced education","SL.UEM.ADVN.ZS","NA"
Kuwait,"KWT","Total of unemployment with intermediate education","SL.UEM.INTM.ZS","NA"
Kyrgyz Republic,"KGZ","Total of unemployment","SL.UEM.TOTL.ZS","7.21000003814697"
Kyrgyz Republic,"KGZ","Total of unemployment with advanced education","SL.UEM.ADVN.ZS","NA"
Kyrgyz Republic,"KGZ","Total of unemployment with intermediate education","SL.UEM.INTM.ZS","NA"
Lao PDR,"LAO","Total of unemployment","SL.UEM.TOTL.ZS","0.66100001335144"
Lao PDR,"LAO","Total of unemployment with advanced education","SL.UEM.ADVN.ZS","NA"
Lao PDR,"LAO","Total of unemployment with intermediate education","SL.UEM.INTM.ZS","NA"
Latin America & Caribbean,"LCN","Total of unemployment","SL.UEM.TOTL.ZS","7.75841409261774"
Latin America & Caribbean,"LCN","Total of unemployment with advanced education","SL.UEM.ADVN.ZS","7.20028646496198"
Latin America & Caribbean,"LCN","Total of unemployment with intermediate education","SL.UEM.INTM.ZS","13.270372583608"
Latin America & Caribbean (excluding high income),"LAC","Total of unemployment","SL.UEM.TOTL.ZS","7.73335733877336"
Latin America & Caribbean (excluding high income),"LAC","Total of unemployment with advanced education","SL.UEM.ADVN.ZS","7.32194802353265"
Latin America & Caribbean (excluding high income),"LAC","Total of unemployment with intermediate education","SL.UEM.INTM.ZS","13.5300672473588"
Latvia,"LVA","Total of unemployment","SL.UEM.TOTL.ZS","9.64000034332275"
Latvia,"LVA","Total of unemployment with advanced education","SL.UEM.ADVN.ZS","4.07429981231689"
Latvia,"LVA","Total of unemployment with intermediate education","SL.UEM.INTM.ZS","11.0878000259399"
Least developed countries: UN classification,"LDC","Total of unemployment","SL.UEM.TOTL.ZS","5.24642180368553"
Least developed countries: UN classification,"LDC","Total of unemployment with advanced education","SL.UEM.ADVN.ZS","NA"
Least developed countries: UN classification,"LDC","Total of unemployment with intermediate education","SL.UEM.INTM.ZS","NA"
Lebanon,"LBN","Total of unemployment","SL.UEM.TOTL.ZS","6.5789999961853"
Lebanon,"LBN","Total of unemployment with advanced education","SL.UEM.ADVN.ZS","NA"
Lebanon,"LBN","Total of unemployment with intermediate education","SL.UEM.INTM.ZS","NA"
Lesotho,"LSO","Total of unemployment","SL.UEM.TOTL.ZS","27.7819995880127"
Lesotho,"LSO","Total of unemployment with advanced education","SL.UEM.ADVN.ZS","NA"
Lesotho,"LSO","Total of unemployment with intermediate education","SL.UEM.INTM.ZS","NA"
Liberia,"LBR","Total of unemployment","SL.UEM.TOTL.ZS","2.33800005912781"
Liberia,"LBR","Total of unemployment with advanced education","SL.UEM.ADVN.ZS","NA"
Liberia,"LBR","Total of unemployment with intermediate education","SL.UEM.INTM.ZS","NA"
Libya,"LBY","Total of unemployment","SL.UEM.TOTL.ZS","18.4230003356934"
Libya,"LBY","Total of unemployment with advanced education","SL.UEM.ADVN.ZS","NA"
Libya,"LBY","Total of unemployment with intermediate education","SL.UEM.INTM.ZS","NA"
Liechtenstein,"LIE","Total of unemployment","SL.UEM.TOTL.ZS","NA"
Liechtenstein,"LIE","Total of unemployment with advanced education","SL.UEM.ADVN.ZS","NA"
Liechtenstein,"LIE","Total of unemployment with intermediate education","SL.UEM.INTM.ZS","NA"
Lithuania,"LTU","Total of unemployment","SL.UEM.TOTL.ZS","7.8600001335144"
Lithuania,"LTU","Total of unemployment with advanced education","SL.UEM.ADVN.ZS","2.80890011787415"
Lithuania,"LTU","Total of unemployment with intermediate education","SL.UEM.INTM.ZS","9.86830043792725"
Low & middle income,"LMY","Total of unemployment","SL.UEM.TOTL.ZS","5.3757433972985"
Low & middle income,"LMY","Total of unemployment with advanced education","SL.UEM.ADVN.ZS","NA"
Low & middle income,"LMY","Total of unemployment with intermediate education","SL.UEM.INTM.ZS","NA"
Low income,"LIC","Total of unemployment","SL.UEM.TOTL.ZS","5.68963624704658"
Low income,"LIC","Total of unemployment with advanced education","SL.UEM.ADVN.ZS","NA"
Low income,"LIC","Total of unemployment with intermediate education","SL.UEM.INTM.ZS","NA"
Lower middle income,"LMC","Total of unemployment","SL.UEM.TOTL.ZS","4.49241334506482"
Lower middle income,"LMC","Total of unemployment with advanced education","SL.UEM.ADVN.ZS","NA"
Lower middle income,"LMC","Total of unemployment with intermediate education","SL.UEM.INTM.ZS","NA"
Luxembourg,"LUX","Total of unemployment","SL.UEM.TOTL.ZS","6.28999996185303"
Luxembourg,"LUX","Total of unemployment with advanced education","SL.UEM.ADVN.ZS","3.69490003585815"
Luxembourg,"LUX","Total of unemployment with intermediate education","SL.UEM.INTM.ZS","7.92080020904541"
"Macao SAR, China","MAC","Total of unemployment","SL.UEM.TOTL.ZS","1.90699994564056"
"Macao SAR, China","MAC","Total of unemployment with advanced education","SL.UEM.ADVN.ZS","1.20000004768372"
"Macao SAR, China","MAC","Total of unemployment with intermediate education","SL.UEM.INTM.ZS","1.64999997615814"
"Macedonia, FYR","MKD","Total of unemployment","SL.UEM.TOTL.ZS","23.7199993133545"
"Macedonia, FYR","MKD","Total of unemployment with advanced education","SL.UEM.ADVN.ZS","20.9612998962402"
"Macedonia, FYR","MKD","Total of unemployment with intermediate education","SL.UEM.INTM.ZS","22.7042999267578"
Madagascar,"MDG","Total of unemployment","SL.UEM.TOTL.ZS","1.7960000038147"
Madagascar,"MDG","Total of unemployment with advanced education","SL.UEM.ADVN.ZS","NA"
Madagascar,"MDG","Total of unemployment with intermediate education","SL.UEM.INTM.ZS","NA"
Malawi,"MWI","Total of unemployment","SL.UEM.TOTL.ZS","5.85799980163574"
Malawi,"MWI","Total of unemployment with advanced education","SL.UEM.ADVN.ZS","NA"
Malawi,"MWI","Total of unemployment with intermediate education","SL.UEM.INTM.ZS","NA"
Malaysia,"MYS","Total of unemployment","SL.UEM.TOTL.ZS","3.44000005722046"
Malaysia,"MYS","Total of unemployment with advanced education","SL.UEM.ADVN.ZS","4.46000003814697"
Malaysia,"MYS","Total of unemployment with intermediate education","SL.UEM.INTM.ZS","4.44000005722046"
Maldives,"MDV","Total of unemployment","SL.UEM.TOTL.ZS","5.02799987792969"
Maldives,"MDV","Total of unemployment with advanced education","SL.UEM.ADVN.ZS","4.48729991912842"
Maldives,"MDV","Total of unemployment with intermediate education","SL.UEM.INTM.ZS","4.46869993209839"
Mali,"MLI","Total of unemployment","SL.UEM.TOTL.ZS","7.81300020217896"
Mali,"MLI","Total of unemployment with advanced education","SL.UEM.ADVN.ZS","NA"
Mali,"MLI","Total of unemployment with intermediate education","SL.UEM.INTM.ZS","NA"
Malta,"MLT","Total of unemployment","SL.UEM.TOTL.ZS","4.69999980926514"
Malta,"MLT","Total of unemployment with advanced education","SL.UEM.ADVN.ZS","1.89400005340576"
Malta,"MLT","Total of unemployment with intermediate education","SL.UEM.INTM.ZS","3.33290004730225"
Marshall Islands,"MHL","Total of unemployment","SL.UEM.TOTL.ZS","NA"
Marshall Islands,"MHL","Total of unemployment with advanced education","SL.UEM.ADVN.ZS","NA"
Marshall Islands,"MHL","Total of unemployment with intermediate education","SL.UEM.INTM.ZS","NA"
Mauritania,"MRT","Total of unemployment","SL.UEM.TOTL.ZS","9.8430004119873"
Mauritania,"MRT","Total of unemployment with advanced education","SL.UEM.ADVN.ZS","NA"
Mauritania,"MRT","Total of unemployment with intermediate education","SL.UEM.INTM.ZS","NA"
Mauritius,"MUS","Total of unemployment","SL.UEM.TOTL.ZS","7.30000019073486"
Mauritius,"MUS","Total of unemployment with advanced education","SL.UEM.ADVN.ZS","10.2112998962402"
Mauritius,"MUS","Total of unemployment with intermediate education","SL.UEM.INTM.ZS","12.8013000488281"
Mexico,"MEX","Total of unemployment","SL.UEM.TOTL.ZS","3.88000011444092"
Mexico,"MEX","Total of unemployment with advanced education","SL.UEM.ADVN.ZS","4.89799976348877"
Mexico,"MEX","Total of unemployment with intermediate education","SL.UEM.INTM.ZS","5.00360012054443"
"Micronesia, Fed. Sts.","FSM","Total of unemployment","SL.UEM.TOTL.ZS","NA"
"Micronesia, Fed. Sts.","FSM","Total of unemployment with advanced education","SL.UEM.ADVN.ZS","NA"
"Micronesia, Fed. Sts.","FSM","Total of unemployment with intermediate education","SL.UEM.INTM.ZS","NA"
Middle East & North Africa,"MEA","Total of unemployment","SL.UEM.TOTL.ZS","10.2215173433664"
Middle East & North Africa,"MEA","Total of unemployment with advanced education","SL.UEM.ADVN.ZS","NA"
Middle East & North Africa,"MEA","Total of unemployment with intermediate education","SL.UEM.INTM.ZS","NA"
Middle East & North Africa (excluding high income),"MNA","Total of unemployment","SL.UEM.TOTL.ZS","11.9496590610619"
Middle East & North Africa (excluding high income),"MNA","Total of unemployment with advanced education","SL.UEM.ADVN.ZS","NA"
Middle East & North Africa (excluding high income),"MNA","Total of unemployment with intermediate education","SL.UEM.INTM.ZS","NA"
Middle income,"MIC","Total of unemployment","SL.UEM.TOTL.ZS","5.33827962899212"
Middle income,"MIC","Total of unemployment with advanced education","SL.UEM.ADVN.ZS","NA"
Middle income,"MIC","Total of unemployment with intermediate education","SL.UEM.INTM.ZS","NA"
Moldova,"MDA","Total of unemployment","SL.UEM.TOTL.ZS","4.17999982833862"
Moldova,"MDA","Total of unemployment with advanced education","SL.UEM.ADVN.ZS","3.80960011482239"
Moldova,"MDA","Total of unemployment with intermediate education","SL.UEM.INTM.ZS","2.32039999961853"
Monaco,"MCO","Total of unemployment","SL.UEM.TOTL.ZS","NA"
Monaco,"MCO","Total of unemployment with advanced education","SL.UEM.ADVN.ZS","NA"
Monaco,"MCO","Total of unemployment with intermediate education","SL.UEM.INTM.ZS","NA"
Mongolia,"MNG","Total of unemployment","SL.UEM.TOTL.ZS","7.23999977111816"
Mongolia,"MNG","Total of unemployment with advanced education","SL.UEM.ADVN.ZS","6.00939989089966"
Mongolia,"MNG","Total of unemployment with intermediate education","SL.UEM.INTM.ZS","6.77930021286011"
Montenegro,"MNE","Total of unemployment","SL.UEM.TOTL.ZS","17.7000007629395"
Montenegro,"MNE","Total of unemployment with advanced education","SL.UEM.ADVN.ZS","NA"
Montenegro,"MNE","Total of unemployment with intermediate education","SL.UEM.INTM.ZS","NA"
Morocco,"MAR","Total of unemployment","SL.UEM.TOTL.ZS","9.39999961853027"
Morocco,"MAR","Total of unemployment with advanced education","SL.UEM.ADVN.ZS","NA"
Morocco,"MAR","Total of unemployment with intermediate education","SL.UEM.INTM.ZS","NA"
Mozambique,"MOZ","Total of unemployment","SL.UEM.TOTL.ZS","25.1539993286133"
Mozambique,"MOZ","Total of unemployment with advanced education","SL.UEM.ADVN.ZS","NA"
Mozambique,"MOZ","Total of unemployment with intermediate education","SL.UEM.INTM.ZS","NA"
Myanmar,"MMR","Total of unemployment","SL.UEM.TOTL.ZS","0.782999992370605"
Myanmar,"MMR","Total of unemployment with advanced education","SL.UEM.ADVN.ZS","NA"
Myanmar,"MMR","Total of unemployment with intermediate education","SL.UEM.INTM.ZS","NA"
Namibia,"NAM","Total of unemployment","SL.UEM.TOTL.ZS","23.3500003814697"
Namibia,"NAM","Total of unemployment with advanced education","SL.UEM.ADVN.ZS","12.7110996246338"
Namibia,"NAM","Total of unemployment with intermediate education","SL.UEM.INTM.ZS","25.9102993011475"
Nauru,"NRU","Total of unemployment","SL.UEM.TOTL.ZS","NA"
Nauru,"NRU","Total of unemployment with advanced education","SL.UEM.ADVN.ZS","NA"
Nauru,"NRU","Total of unemployment with intermediate education","SL.UEM.INTM.ZS","NA"
Nepal,"NPL","Total of unemployment","SL.UEM.TOTL.ZS","3.06200003623962"
Nepal,"NPL","Total of unemployment with advanced education","SL.UEM.ADVN.ZS","NA"
Nepal,"NPL","Total of unemployment with intermediate education","SL.UEM.INTM.ZS","NA"
Netherlands,"NLD","Total of unemployment","SL.UEM.TOTL.ZS","6.01000022888184"
Netherlands,"NLD","Total of unemployment with advanced education","SL.UEM.ADVN.ZS","3.7788999080658"
Netherlands,"NLD","Total of unemployment with intermediate education","SL.UEM.INTM.ZS","6.74209976196289"
New Caledonia,"NCL","Total of unemployment","SL.UEM.TOTL.ZS","14.621000289917"
New Caledonia,"NCL","Total of unemployment with advanced education","SL.UEM.ADVN.ZS","NA"
New Caledonia,"NCL","Total of unemployment with intermediate education","SL.UEM.INTM.ZS","NA"
New Zealand,"NZL","Total of unemployment","SL.UEM.TOTL.ZS","5.1100001335144"
New Zealand,"NZL","Total of unemployment with advanced education","SL.UEM.ADVN.ZS","NA"
New Zealand,"NZL","Total of unemployment with intermediate education","SL.UEM.INTM.ZS","NA"
Nicaragua,"NIC","Total of unemployment","SL.UEM.TOTL.ZS","4.44700002670288"
Nicaragua,"NIC","Total of unemployment with advanced education","SL.UEM.ADVN.ZS","NA"
Nicaragua,"NIC","Total of unemployment with intermediate education","SL.UEM.INTM.ZS","NA"
Niger,"NER","Total of unemployment","SL.UEM.TOTL.ZS","0.344999998807907"
Niger,"NER","Total of unemployment with advanced education","SL.UEM.ADVN.ZS","NA"
Niger,"NER","Total of unemployment with intermediate education","SL.UEM.INTM.ZS","NA"
Nigeria,"NGA","Total of unemployment","SL.UEM.TOTL.ZS","7.05999994277954"
Nigeria,"NGA","Total of unemployment with advanced education","SL.UEM.ADVN.ZS","NA"
Nigeria,"NGA","Total of unemployment with intermediate education","SL.UEM.INTM.ZS","NA"
North America,"NAC","Total of unemployment","SL.UEM.TOTL.ZS","5.10230777917053"
North America,"NAC","Total of unemployment with advanced education","SL.UEM.ADVN.ZS","3.2632202285441"
North America,"NAC","Total of unemployment with intermediate education","SL.UEM.INTM.ZS","6.53625539671303"
Northern Mariana Islands,"MNP","Total of unemployment","SL.UEM.TOTL.ZS","NA"
Northern Mariana Islands,"MNP","Total of unemployment with advanced education","SL.UEM.ADVN.ZS","NA"
Northern Mariana Islands,"MNP","Total of unemployment with intermediate education","SL.UEM.INTM.ZS","NA"
Norway,"NOR","Total of unemployment","SL.UEM.TOTL.ZS","4.67999982833862"
Norway,"NOR","Total of unemployment with advanced education","SL.UEM.ADVN.ZS","2.61540007591248"
Norway,"NOR","Total of unemployment with intermediate education","SL.UEM.INTM.ZS","3.46900010108948"
OECD members,"OED","Total of unemployment","SL.UEM.TOTL.ZS","6.32392851470451"
OECD members,"OED","Total of unemployment with advanced education","SL.UEM.ADVN.ZS","NA"
OECD members,"OED","Total of unemployment with intermediate education","SL.UEM.INTM.ZS","NA"
Oman,"OMN","Total of unemployment","SL.UEM.TOTL.ZS","3.26600003242493"
Oman,"OMN","Total of unemployment with advanced education","SL.UEM.ADVN.ZS","NA"
Oman,"OMN","Total of unemployment with intermediate education","SL.UEM.INTM.ZS","NA"
Pakistan,"PAK","Total of unemployment","SL.UEM.TOTL.ZS","3.84400010108948"
Pakistan,"PAK","Total of unemployment with advanced education","SL.UEM.ADVN.ZS","NA"
Pakistan,"PAK","Total of unemployment with intermediate education","SL.UEM.INTM.ZS","NA"
Palau,"PLW","Total of unemployment","SL.UEM.TOTL.ZS","NA"
Palau,"PLW","Total of unemployment with advanced education","SL.UEM.ADVN.ZS","NA"
Palau,"PLW","Total of unemployment with intermediate education","SL.UEM.INTM.ZS","NA"
Panama,"PAN","Total of unemployment","SL.UEM.TOTL.ZS","4.35300016403198"
Panama,"PAN","Total of unemployment with advanced education","SL.UEM.ADVN.ZS","3.28520011901855"
Panama,"PAN","Total of unemployment with intermediate education","SL.UEM.INTM.ZS","5.27769994735718"
Papua New Guinea,"PNG","Total of unemployment","SL.UEM.TOTL.ZS","2.64199995994568"
Papua New Guinea,"PNG","Total of unemployment with advanced education","SL.UEM.ADVN.ZS","NA"
Papua New Guinea,"PNG","Total of unemployment with intermediate education","SL.UEM.INTM.ZS","NA"
Paraguay,"PRY","Total of unemployment","SL.UEM.TOTL.ZS","5.25"
Paraguay,"PRY","Total of unemployment with advanced education","SL.UEM.ADVN.ZS","4.47989988327026"
Paraguay,"PRY","Total of unemployment with intermediate education","SL.UEM.INTM.ZS","9.95619964599609"
Peru,"PER","Total of unemployment","SL.UEM.TOTL.ZS","3.52999997138977"
Peru,"PER","Total of unemployment with advanced education","SL.UEM.ADVN.ZS","5.70419979095459"
Peru,"PER","Total of unemployment with intermediate education","SL.UEM.INTM.ZS","9.49269962310791"
Philippines,"PHL","Total of unemployment","SL.UEM.TOTL.ZS","2.71000003814697"
Philippines,"PHL","Total of unemployment with advanced education","SL.UEM.ADVN.ZS","6.51000022888184"
Philippines,"PHL","Total of unemployment with intermediate education","SL.UEM.INTM.ZS","8.10000038146973"
Poland,"POL","Total of unemployment","SL.UEM.TOTL.ZS","6.15999984741211"
Poland,"POL","Total of unemployment with advanced education","SL.UEM.ADVN.ZS","3.55690002441406"
Poland,"POL","Total of unemployment with intermediate education","SL.UEM.INTM.ZS","7.64599990844727"
Portugal,"PRT","Total of unemployment","SL.UEM.TOTL.ZS","11.0699996948242"
Portugal,"PRT","Total of unemployment with advanced education","SL.UEM.ADVN.ZS","8.58740043640137"
Portugal,"PRT","Total of unemployment with intermediate education","SL.UEM.INTM.ZS","13.440899848938"
Puerto Rico,"PRI","Total of unemployment","SL.UEM.TOTL.ZS","11.7799997329712"
Puerto Rico,"PRI","Total of unemployment with advanced education","SL.UEM.ADVN.ZS","NA"
Puerto Rico,"PRI","Total of unemployment with intermediate education","SL.UEM.INTM.ZS","NA"
Qatar,"QAT","Total of unemployment","SL.UEM.TOTL.ZS","0.140000000596046"
Qatar,"QAT","Total of unemployment with advanced education","SL.UEM.ADVN.ZS","NA"
Qatar,"QAT","Total of unemployment with intermediate education","SL.UEM.INTM.ZS","NA"
Romania,"ROU","Total of unemployment","SL.UEM.TOTL.ZS","5.90000009536743"
Romania,"ROU","Total of unemployment with advanced education","SL.UEM.ADVN.ZS","3.15619993209839"
Romania,"ROU","Total of unemployment with intermediate education","SL.UEM.INTM.ZS","5.36530017852783"
Russian Federation,"RUS","Total of unemployment","SL.UEM.TOTL.ZS","5.53700017929077"
Russian Federation,"RUS","Total of unemployment with advanced education","SL.UEM.ADVN.ZS","5.40250015258789"
Russian Federation,"RUS","Total of unemployment with intermediate education","SL.UEM.INTM.ZS","4.74720001220703"
Rwanda,"RWA","Total of unemployment","SL.UEM.TOTL.ZS","1.23199999332428"
Rwanda,"RWA","Total of unemployment with advanced education","SL.UEM.ADVN.ZS","NA"
Rwanda,"RWA","Total of unemployment with intermediate education","SL.UEM.INTM.ZS","NA"
Samoa,"WSM","Total of unemployment","SL.UEM.TOTL.ZS","8.48700046539307"
Samoa,"WSM","Total of unemployment with advanced education","SL.UEM.ADVN.ZS","NA"
Samoa,"WSM","Total of unemployment with intermediate education","SL.UEM.INTM.ZS","NA"
San Marino,"SMR","Total of unemployment","SL.UEM.TOTL.ZS","NA"
San Marino,"SMR","Total of unemployment with advanced education","SL.UEM.ADVN.ZS","10.9700002670288"
San Marino,"SMR","Total of unemployment with intermediate education","SL.UEM.INTM.ZS","11.9700002670288"
Sao Tome and Principe,"STP","Total of unemployment","SL.UEM.TOTL.ZS","13.4160003662109"
Sao Tome and Principe,"STP","Total of unemployment with advanced education","SL.UEM.ADVN.ZS","NA"
Sao Tome and Principe,"STP","Total of unemployment with intermediate education","SL.UEM.INTM.ZS","NA"
Saudi Arabia,"SAU","Total of unemployment","SL.UEM.TOTL.ZS","5.65000009536743"
Saudi Arabia,"SAU","Total of unemployment with advanced education","SL.UEM.ADVN.ZS","NA"
Saudi Arabia,"SAU","Total of unemployment with intermediate education","SL.UEM.INTM.ZS","NA"
Senegal,"SEN","Total of unemployment","SL.UEM.TOTL.ZS","4.84700012207031"
Senegal,"SEN","Total of unemployment with advanced education","SL.UEM.ADVN.ZS","NA"
Senegal,"SEN","Total of unemployment with intermediate education","SL.UEM.INTM.ZS","NA"
Serbia,"SRB","Total of unemployment","SL.UEM.TOTL.ZS","15.2600002288818"
Serbia,"SRB","Total of unemployment with advanced education","SL.UEM.ADVN.ZS","14.7774000167847"
Serbia,"SRB","Total of unemployment with intermediate education","SL.UEM.INTM.ZS","18.2800006866455"
Seychelles,"SYC","Total of unemployment","SL.UEM.TOTL.ZS","NA"
Seychelles,"SYC","Total of unemployment with advanced education","SL.UEM.ADVN.ZS","3.59060001373291"
Seychelles,"SYC","Total of unemployment with intermediate education","SL.UEM.INTM.ZS","5.22240018844604"
Sierra Leone,"SLE","Total of unemployment","SL.UEM.TOTL.ZS","4.59800004959106"
Sierra Leone,"SLE","Total of unemployment with advanced education","SL.UEM.ADVN.ZS","NA"
Sierra Leone,"SLE","Total of unemployment with intermediate education","SL.UEM.INTM.ZS","NA"
Singapore,"SGP","Total of unemployment","SL.UEM.TOTL.ZS","1.79999995231628"
Singapore,"SGP","Total of unemployment with advanced education","SL.UEM.ADVN.ZS","NA"
Singapore,"SGP","Total of unemployment with intermediate education","SL.UEM.INTM.ZS","NA"
Sint Maarten (Dutch part),"SXM","Total of unemployment","SL.UEM.TOTL.ZS","NA"
Sint Maarten (Dutch part),"SXM","Total of unemployment with advanced education","SL.UEM.ADVN.ZS","NA"
Sint Maarten (Dutch part),"SXM","Total of unemployment with intermediate education","SL.UEM.INTM.ZS","NA"
Slovak Republic,"SVK","Total of unemployment","SL.UEM.TOTL.ZS","9.67000007629395"
Slovak Republic,"SVK","Total of unemployment with advanced education","SL.UEM.ADVN.ZS","6.32810020446777"
Slovak Republic,"SVK","Total of unemployment with intermediate education","SL.UEM.INTM.ZS","10.5949001312256"
Slovenia,"SVN","Total of unemployment","SL.UEM.TOTL.ZS","8"
Slovenia,"SVN","Total of unemployment with advanced education","SL.UEM.ADVN.ZS","6.50239992141724"
Slovenia,"SVN","Total of unemployment with intermediate education","SL.UEM.INTM.ZS","9.22410011291504"
Solomon Islands,"SLB","Total of unemployment","SL.UEM.TOTL.ZS","2.04399991035461"
Solomon Islands,"SLB","Total of unemployment with advanced education","SL.UEM.ADVN.ZS","NA"
Solomon Islands,"SLB","Total of unemployment with intermediate education","SL.UEM.INTM.ZS","NA"
Somalia,"SOM","Total of unemployment","SL.UEM.TOTL.ZS","6.02400016784668"
Somalia,"SOM","Total of unemployment with advanced education","SL.UEM.ADVN.ZS","NA"
Somalia,"SOM","Total of unemployment with intermediate education","SL.UEM.INTM.ZS","NA"
South Africa,"ZAF","Total of unemployment","SL.UEM.TOTL.ZS","26.5499992370605"
South Africa,"ZAF","Total of unemployment with advanced education","SL.UEM.ADVN.ZS","11.2426996231079"
South Africa,"ZAF","Total of unemployment with intermediate education","SL.UEM.INTM.ZS","31.0196990966797"
South Asia,"SAS","Total of unemployment","SL.UEM.TOTL.ZS","3.70224982188336"
South Asia,"SAS","Total of unemployment with advanced education","SL.UEM.ADVN.ZS","NA"
South Asia,"SAS","Total of unemployment with intermediate education","SL.UEM.INTM.ZS","NA"
South Sudan,"SSD","Total of unemployment","SL.UEM.TOTL.ZS","11.5419998168945"
South Sudan,"SSD","Total of unemployment with advanced education","SL.UEM.ADVN.ZS","NA"
South Sudan,"SSD","Total of unemployment with intermediate education","SL.UEM.INTM.ZS","NA"
Spain,"ESP","Total of unemployment","SL.UEM.TOTL.ZS","19.6299991607666"
Spain,"ESP","Total of unemployment with advanced education","SL.UEM.ADVN.ZS","13.2112998962402"
Spain,"ESP","Total of unemployment with intermediate education","SL.UEM.INTM.ZS","22.294900894165"
Sri Lanka,"LKA","Total of unemployment","SL.UEM.TOTL.ZS","4.36999988555908"
Sri Lanka,"LKA","Total of unemployment with advanced education","SL.UEM.ADVN.ZS","NA"
Sri Lanka,"LKA","Total of unemployment with intermediate education","SL.UEM.INTM.ZS","NA"
St. Kitts and Nevis,"KNA","Total of unemployment","SL.UEM.TOTL.ZS","NA"
St. Kitts and Nevis,"KNA","Total of unemployment with advanced education","SL.UEM.ADVN.ZS","NA"
St. Kitts and Nevis,"KNA","Total of unemployment with intermediate education","SL.UEM.INTM.ZS","NA"
St. Lucia,"LCA","Total of unemployment","SL.UEM.TOTL.ZS","21.2600002288818"
St. Lucia,"LCA","Total of unemployment with advanced education","SL.UEM.ADVN.ZS","NA"
St. Lucia,"LCA","Total of unemployment with intermediate education","SL.UEM.INTM.ZS","NA"
St. Martin (French part),"MAF","Total of unemployment","SL.UEM.TOTL.ZS","NA"
St. Martin (French part),"MAF","Total of unemployment with advanced education","SL.UEM.ADVN.ZS","NA"
St. Martin (French part),"MAF","Total of unemployment with intermediate education","SL.UEM.INTM.ZS","NA"
St. Vincent and the Grenadines,"VCT","Total of unemployment","SL.UEM.TOTL.ZS","18.2110004425049"
St. Vincent and the Grenadines,"VCT","Total of unemployment with advanced education","SL.UEM.ADVN.ZS","NA"
St. Vincent and the Grenadines,"VCT","Total of unemployment with intermediate education","SL.UEM.INTM.ZS","NA"
Sub-Saharan Africa,"SSF","Total of unemployment","SL.UEM.TOTL.ZS","7.26460830287802"
Sub-Saharan Africa,"SSF","Total of unemployment with advanced education","SL.UEM.ADVN.ZS","NA"
Sub-Saharan Africa,"SSF","Total of unemployment with intermediate education","SL.UEM.INTM.ZS","NA"
Sub-Saharan Africa (excluding high income),"SSA","Total of unemployment","SL.UEM.TOTL.ZS","7.26460830287802"
Sub-Saharan Africa (excluding high income),"SSA","Total of unemployment with advanced education","SL.UEM.ADVN.ZS","NA"
Sub-Saharan Africa (excluding high income),"SSA","Total of unemployment with intermediate education","SL.UEM.INTM.ZS","NA"
Sudan,"SDN","Total of unemployment","SL.UEM.TOTL.ZS","12.7340002059937"
Sudan,"SDN","Total of unemployment with advanced education","SL.UEM.ADVN.ZS","NA"
Sudan,"SDN","Total of unemployment with intermediate education","SL.UEM.INTM.ZS","NA"
Suriname,"SUR","Total of unemployment","SL.UEM.TOTL.ZS","8.17500019073486"
Suriname,"SUR","Total of unemployment with advanced education","SL.UEM.ADVN.ZS","NA"
Suriname,"SUR","Total of unemployment with intermediate education","SL.UEM.INTM.ZS","NA"
Sweden,"SWE","Total of unemployment","SL.UEM.TOTL.ZS","6.98999977111816"
Sweden,"SWE","Total of unemployment with advanced education","SL.UEM.ADVN.ZS","3.51149988174438"
Sweden,"SWE","Total of unemployment with intermediate education","SL.UEM.INTM.ZS","5.61649990081787"
Switzerland,"CHE","Total of unemployment","SL.UEM.TOTL.ZS","4.92000007629395"
Switzerland,"CHE","Total of unemployment with advanced education","SL.UEM.ADVN.ZS","3.62350010871887"
Switzerland,"CHE","Total of unemployment with intermediate education","SL.UEM.INTM.ZS","4.66480016708374"
Syrian Arab Republic,"SYR","Total of unemployment","SL.UEM.TOTL.ZS","14.7849998474121"
Syrian Arab Republic,"SYR","Total of unemployment with advanced education","SL.UEM.ADVN.ZS","NA"
Syrian Arab Republic,"SYR","Total of unemployment with intermediate education","SL.UEM.INTM.ZS","NA"
Tajikistan,"TJK","Total of unemployment","SL.UEM.TOTL.ZS","10.3039999008179"
Tajikistan,"TJK","Total of unemployment with advanced education","SL.UEM.ADVN.ZS","NA"
Tajikistan,"TJK","Total of unemployment with intermediate education","SL.UEM.INTM.ZS","NA"
Tanzania,"TZA","Total of unemployment","SL.UEM.TOTL.ZS","2.16799998283386"
Tanzania,"TZA","Total of unemployment with advanced education","SL.UEM.ADVN.ZS","NA"
Tanzania,"TZA","Total of unemployment with intermediate education","SL.UEM.INTM.ZS","NA"
Thailand,"THA","Total of unemployment","SL.UEM.TOTL.ZS","0.936999976634979"
Thailand,"THA","Total of unemployment with advanced education","SL.UEM.ADVN.ZS","1.63680005073547"
Thailand,"THA","Total of unemployment with intermediate education","SL.UEM.INTM.ZS","1.01769995689392"
Timor-Leste,"TLS","Total of unemployment","SL.UEM.TOTL.ZS","3.3659999370575"
Timor-Leste,"TLS","Total of unemployment with advanced education","SL.UEM.ADVN.ZS","NA"
Timor-Leste,"TLS","Total of unemployment with intermediate education","SL.UEM.INTM.ZS","NA"
Togo,"TGO","Total of unemployment","SL.UEM.TOTL.ZS","1.84200000762939"
Togo,"TGO","Total of unemployment with advanced education","SL.UEM.ADVN.ZS","NA"
Togo,"TGO","Total of unemployment with intermediate education","SL.UEM.INTM.ZS","NA"
Tonga,"TON","Total of unemployment","SL.UEM.TOTL.ZS","1.09700000286102"
Tonga,"TON","Total of unemployment with advanced education","SL.UEM.ADVN.ZS","NA"
Tonga,"TON","Total of unemployment with intermediate education","SL.UEM.INTM.ZS","NA"
Trinidad and Tobago,"TTO","Total of unemployment","SL.UEM.TOTL.ZS","4.3730001449585"
Trinidad and Tobago,"TTO","Total of unemployment with advanced education","SL.UEM.ADVN.ZS","2.04870009422302"
Trinidad and Tobago,"TTO","Total of unemployment with intermediate education","SL.UEM.INTM.ZS","3.12019991874695"
Tunisia,"TUN","Total of unemployment","SL.UEM.TOTL.ZS","15.5100002288818"
Tunisia,"TUN","Total of unemployment with advanced education","SL.UEM.ADVN.ZS","NA"
Tunisia,"TUN","Total of unemployment with intermediate education","SL.UEM.INTM.ZS","NA"
Turkey,"TUR","Total of unemployment","SL.UEM.TOTL.ZS","10.8400001525879"
Turkey,"TUR","Total of unemployment with advanced education","SL.UEM.ADVN.ZS","16.6196002960205"
Turkey,"TUR","Total of unemployment with intermediate education","SL.UEM.INTM.ZS","20.6961002349854"
Turkmenistan,"TKM","Total of unemployment","SL.UEM.TOTL.ZS","3.47900009155273"
Turkmenistan,"TKM","Total of unemployment with advanced education","SL.UEM.ADVN.ZS","NA"
Turkmenistan,"TKM","Total of unemployment with intermediate education","SL.UEM.INTM.ZS","NA"
Turks and Caicos Islands,"TCA","Total of unemployment","SL.UEM.TOTL.ZS","NA"
Turks and Caicos Islands,"TCA","Total of unemployment with advanced education","SL.UEM.ADVN.ZS","NA"
Turks and Caicos Islands,"TCA","Total of unemployment with intermediate education","SL.UEM.INTM.ZS","NA"
Tuvalu,"TUV","Total of unemployment","SL.UEM.TOTL.ZS","NA"
Tuvalu,"TUV","Total of unemployment with advanced education","SL.UEM.ADVN.ZS","NA"
Tuvalu,"TUV","Total of unemployment with intermediate education","SL.UEM.INTM.ZS","NA"
Uganda,"UGA","Total of unemployment","SL.UEM.TOTL.ZS","2.00999999046326"
Uganda,"UGA","Total of unemployment with advanced education","SL.UEM.ADVN.ZS","NA"
Uganda,"UGA","Total of unemployment with intermediate education","SL.UEM.INTM.ZS","NA"
Ukraine,"UKR","Total of unemployment","SL.UEM.TOTL.ZS","9.35000038146973"
Ukraine,"UKR","Total of unemployment with advanced education","SL.UEM.ADVN.ZS","7.03999996185303"
Ukraine,"UKR","Total of unemployment with intermediate education","SL.UEM.INTM.ZS","8.85000038146973"
United Arab Emirates,"ARE","Total of unemployment","SL.UEM.TOTL.ZS","1.6360000371933"
United Arab Emirates,"ARE","Total of unemployment with advanced education","SL.UEM.ADVN.ZS","NA"
United Arab Emirates,"ARE","Total of unemployment with intermediate education","SL.UEM.INTM.ZS","NA"
United Kingdom,"GBR","Total of unemployment","SL.UEM.TOTL.ZS","4.80999994277954"
United Kingdom,"GBR","Total of unemployment with advanced education","SL.UEM.ADVN.ZS","3.08850002288818"
United Kingdom,"GBR","Total of unemployment with intermediate education","SL.UEM.INTM.ZS","5.33400011062622"
United States,"USA","Total of unemployment","SL.UEM.TOTL.ZS","4.86999988555908"
United States,"USA","Total of unemployment with advanced education","SL.UEM.ADVN.ZS","2.95880007743835"
United States,"USA","Total of unemployment with intermediate education","SL.UEM.INTM.ZS","6.40530014038086"
Upper middle income,"UMC","Total of unemployment","SL.UEM.TOTL.ZS","6.08705003327253"
Upper middle income,"UMC","Total of unemployment with advanced education","SL.UEM.ADVN.ZS","NA"
Upper middle income,"UMC","Total of unemployment with intermediate education","SL.UEM.INTM.ZS","NA"
Uruguay,"URY","Total of unemployment","SL.UEM.TOTL.ZS","7.84000015258789"
Uruguay,"URY","Total of unemployment with advanced education","SL.UEM.ADVN.ZS","2.58509993553162"
Uruguay,"URY","Total of unemployment with intermediate education","SL.UEM.INTM.ZS","6.12039995193481"
Uzbekistan,"UZB","Total of unemployment","SL.UEM.TOTL.ZS","7.51399993896484"
Uzbekistan,"UZB","Total of unemployment with advanced education","SL.UEM.ADVN.ZS","NA"
Uzbekistan,"UZB","Total of unemployment with intermediate education","SL.UEM.INTM.ZS","NA"
Vanuatu,"VUT","Total of unemployment","SL.UEM.TOTL.ZS","5.26700019836426"
Vanuatu,"VUT","Total of unemployment with advanced education","SL.UEM.ADVN.ZS","NA"
Vanuatu,"VUT","Total of unemployment with intermediate education","SL.UEM.INTM.ZS","NA"
"Venezuela, RB","VEN","Total of unemployment","SL.UEM.TOTL.ZS","7.14599990844727"
"Venezuela, RB","VEN","Total of unemployment with advanced education","SL.UEM.ADVN.ZS","NA"
"Venezuela, RB","VEN","Total of unemployment with intermediate education","SL.UEM.INTM.ZS","NA"
Vietnam,"VNM","Total of unemployment","SL.UEM.TOTL.ZS","2.09999990463257"
Vietnam,"VNM","Total of unemployment with advanced education","SL.UEM.ADVN.ZS","5.06559991836548"
Vietnam,"VNM","Total of unemployment with intermediate education","SL.UEM.INTM.ZS","2.53119993209839"
Virgin Islands (U.S.),"VIR","Total of unemployment","SL.UEM.TOTL.ZS","7.23799991607666"
Virgin Islands (U.S.),"VIR","Total of unemployment with advanced education","SL.UEM.ADVN.ZS","NA"
Virgin Islands (U.S.),"VIR","Total of unemployment with intermediate education","SL.UEM.INTM.ZS","NA"
West Bank and Gaza,"PSE","Total of unemployment","SL.UEM.TOTL.ZS","26.8899993896484"
West Bank and Gaza,"PSE","Total of unemployment with advanced education","SL.UEM.ADVN.ZS","51.4095001220703"
West Bank and Gaza,"PSE","Total of unemployment with intermediate education","SL.UEM.INTM.ZS","45.6615982055664"
World,"WLD","Total of unemployment","SL.UEM.TOTL.ZS","5.53103280739209"
World,"WLD","Total of unemployment with advanced education","SL.UEM.ADVN.ZS","NA"
World,"WLD","Total of unemployment with intermediate education","SL.UEM.INTM.ZS","NA"
"Yemen, Rep.","YEM","Total of unemployment","SL.UEM.TOTL.ZS","13.7290000915527"
"Yemen, Rep.","YEM","Total of unemployment with advanced education","SL.UEM.ADVN.ZS","NA"
"Yemen, Rep.","YEM","Total of unemployment with intermediate education","SL.UEM.INTM.ZS","NA"
Zambia,"ZMB","Total of unemployment","SL.UEM.TOTL.ZS","7.77699995040894"
Zambia,"ZMB","Total of unemployment with advanced education","SL.UEM.ADVN.ZS","NA"
Zambia,"ZMB","Total of unemployment with intermediate education","SL.UEM.INTM.ZS","NA"
Zimbabwe,"ZWE","Total of unemployment","SL.UEM.TOTL.ZS","5.0460000038147"
Zimbabwe,"ZWE","Total of unemployment with advanced education","SL.UEM.ADVN.ZS","NA"
Zimbabwe,"ZWE","Total of unemployment with intermediate education","SL.UEM.INTM.ZS","NA"
,"","","",""
,"","","",""
,"","","",""
Data from database: Jobs,"","","",""
Last Updated: 10/28/2019,"","","",""
